INSERT INTO projekt.aktor(id_aktor, imie, nazwisko, data_urodzenia) VALUES
(1, 'Scarlett', 'Johansson', '1984-11-22'),
(2, 'Morgan', 'Freeman', '1937-06-01'),
(3, 'Christian', 'Bale', '1974-01-30'),
(4, 'Leonardo', 'Dicaprio', '1974-11-11'),
(5, 'Samuel', 'L.Jackson', '1948-12-21'),
(6, 'Tom', 'Hanks', '1956-07-09'),
(7, 'Tom', 'Hardy', '1977-09-15'),
(8, 'Jake', 'Gyllenhaal', '1980-12-19'),
(9, 'Johnny', 'Depp', '1963-06-09'),
(10, 'Brad', 'Pitt', '1963-12-18'),
(11, 'Robert', 'De Niro', '1943-08-17'),
(12, 'Meryl', 'Streep', '1949-06-22'),
(13, 'Viggo', 'Mortensen', '1958-10-20'),
(14, 'Marhelshala', 'Ali', '1974-02-16'),
(15, 'Linda', 'Cardellini', '1975-06-25'),
(16, 'Edward', 'Hogg', '1979-01-26'),
(17, 'Alexandra', 'Maria Lara', '1978-11-12'),
(18, 'Shia', 'LaBeouf', '1986-06-11'),
(19, 'Jason', 'Clarke', '1969-07-17'),
(20, 'Guy', 'Pearce', '1967-10-05'),
(21, 'Jessica', 'Chastain', '1977-03-24'),
(22, 'Yancy', 'Butler', '1970-07-02'),
(23, 'Coric', 'Nemec', '1971-11-5'),
(24, 'Stephen', 'Billington', '1969-02-10'),
(25, 'Leslie', 'Nielsen', '1926-02-11'),
(26, 'Priscilla', 'Presley', '1945-05-24'),
(27, 'George', 'Kennedy', '1925-02-18'),
(28, 'O.J.', 'Simpson', '1947-07-09'),
(29, 'Ricardo', 'Montalban', '1920-11-25'),
(30, 'Carey', 'Mulligan', '1985-05-28'),
(31, 'Jason', 'Mitchell', '1987-01-05'),
(32, 'Garrett', 'Hedlund', '1984-09-03'),
(33, 'Mary', 'J.Blige', '1971-01-11'),
(34, 'Margot', 'Robbie', '1990-07-02'),
(35, 'Al', 'Pacino', '1940-04-25'),
(36, 'Mads', 'Mikkelsen', '1965-11-22'),
(37, 'Thomas', 'Bo Larsen', '1963-11-27'),
(38, 'Magnus', 'Millang', '1981-04-20'),
(39, 'Lars', 'Ranthe', '1969-08-26'),
(40, 'Maria', 'Bennevie', '1973-09-16'),
(41, 'Daniel', 'Craig', '1968-03-02'),
(42, 'Chris', 'Evans', '1981-06-13'),
(43, 'Ana', 'de Armas', '1988-04-30'),
(44, 'Jamie', 'Lee Curtis', '1958-11-22'),
(45, 'Michael', 'Shannon', '1974-08-07'),
(46, 'Matthew', 'McConaughey', '1969-11-04'),
(47, 'Charlie', 'Hunnam', '1980-04-10'),
(48, 'Henry', 'Golding', '1987-02-05'),
(49, 'Michelle', 'Dockery', '1981-12-15'),
(50, 'Jeremy', 'Strong', '1978-12-25'),
(51, 'Colin', 'Farrell', '1976-05-31'),
(52, 'Willem','Dafoe', '1955-07-22'),
(53, 'Robert', 'Pattinson', '1986-05-13');

INSERT INTO projekt.kategoria(id_kategoria, nazwa_kategorii) VALUES
(1, 'Thriller'),
(2, 'Sci-Fun'),
(3, 'Romans'),
(4, 'Przygodowy'),
(5, 'Kryminal'),
(6, 'Komedia'),
(7, 'Horror'),
(8, 'Dokumentalny'),
(9, 'Dramat'),
(10, 'Akcja'),
(11, 'Fantasy'),
(12, 'Familijny'),
(13, 'Wojenny'),
(14, 'Western'),
(15, 'Psychologiczny'),
(16, 'Gangsterski'),
(17, 'Czarna Komedia');

INSERT INTO projekt.rezyser(id_rezyser, imie, nazwisko, data_urodzenia) VALUES
(1, 'David' ,'Zucker' ,'1947-10-16'),
(2, 'Peter' ,'Farrelly' ,'1956-12-17'),
(3, 'Andrzej' ,'Jakimowski' ,'1963-08-17'),
(4, 'John' ,'Hillcoat' ,'1961-03-13'),
(5, 'A.B.' ,'Stone' ,'1983-11-01'),
(6, 'Dee' ,'Rees' ,'1977-02-07'),
(7, 'Quentin' ,'Tarantino' ,'1963-03-27'),
(8, 'Thomas' ,'Vinterberg' ,'1969-05-19'),
(9, 'Robert' ,'Eggers' ,'1983-07-07'),
(10, 'Guy' ,'Ritchie' ,'1968-09-10'),
(11, 'Rian', 'Johnson', '1973-12-17');

INSERT INTO projekt.opis(id_opis, opis) VALUES
(1, 'Porucznik brygady specjalnej, Frank Drebin (Leslie Nielsen), otrzymuje odpowiedzialne zadanie - ma chronic krolowa Elzbiete w czasie jej wizyty w USA. Monarchini grozi bowiem smiertelne niebezpieczenstwo. Dowody wskazuja na to, ze w cala sprawe jest zamieszany biznesmen Ludwig (Ricardo Montalban) i jego sekretarka Jane (Priscilla Presley). Na polecenie przelozonego kobieta zaczyna uwodzic Drebina, chcac odwrocic jego uwage i nie dopuscic do tego, by wpadl na trop dzialalnosci Ludwiga.'),
(2, 'Drobny cwaniaczek z Bronksu zostaje szoferem ekstrawaganckiego muzyka z wyzszych sfer i razem wyruszaja na wielotygodniowe tourne.'),
(3, 'Historia dwoch straznikow latarni morskiej, ktorzy w obliczu samotnosci powoli traca zdrowie psychiczne, a wkrotce zaczynaja im zagrazac ich wlasne najgorsze koszmary.'),
(4, 'Handlarz marihuany postanawia sprzedac narkotykowe imperium i przejsc na emeryture.'),
(5, 'Do prestizowego osrodka w Lizbonie przyjezdza instruktor niewidomych, ktory za pomoca kontrowersyjnych metod uczy mlodych pacjentow sztuki orientacji w przestrzeni.'),
(6, 'Wskutek dzialan naukowcow w rezerwacie otaczajacym jezioro Black, okolicznej ludnosci zagrazaja krokodyle i olbrzymie anakondy. '),
(7, 'Rodzina McAllanow przenosi sie na farme w Missisipi. Ich sasiadami sa Jacksonowie, czarnoskorzy rolnicy, ktorzy czesto padaja ofiarami rasizmu ze strony bialych mieszkancow.'),
(8, 'Aktor Rick Dalton i jego przyjaciel kaskader powracaja do Hollywood. Mezczyzni probuja odnalezc sie w przemysle filmowym, ktory ewoluowal podczas ich nieobecnosci.'),
(9, 'Czworka nauczycieli pracujacych w gimnazjum testuje alkoholowa metode, ktora ma polepszyc jakosc ich zycia.'),
(10, 'Detektyw Blanc bada sprawe smierci bogatego pisarza, glowy ekscentrycznej rodziny. Wszyscy jego krewni sa podejrzani.'),
(11, 'Historia braci, ktorzy wyrastaja na najbardziej znanych przemytnikow alkoholu w czasach wielkiej prohibicji na poludniu Stanow.');

INSERT INTO projekt.film(id_film, id_rezyser, id_opis, tytul, premiera, dlugosc) VALUES
(1, 11, 10, 'Na noze', '2019-09-07', 130),
(2, 8, 9, 'Na rauszu', '2020-09-12', 115),
(3, 5, 6, 'Aligator kontra anakonda', '2015-04-25', 92),
(4, 3, 5, 'Imagine', '2012-10-12', 105),
(5, 9, 3, 'Lighthouse', '2019-05-19', 110),
(6, 7, 8, 'Pewnego razu w hollywood', '2019-05-21', 171),
(7, 2, 2, 'Green book', '2018-09-11', 130),
(8, 1, 1, 'Naga bron: z akt wydzialu specjalnego', '1988-12-02', 85),
(9, 10, 4, 'Dzentelmeni', '2019-12-03', 115),
(10, 6, 7, 'Mudbound', '2017-01-21', 134),
(11, 4, 11, 'Gangster', '2012-05-19', 116);

INSERT INTO projekt.kategoria_film(id_kategoria_film, id_kategoria, id_film) VALUES
(1, 9, 1),
(2, 6, 1),
(3, 5, 1),
(4, 9, 2),
(5, 6, 2),
(6, 7, 3),
(7, 10, 3),
(8, 9, 4),
(9, 9, 5),
(10, 7, 5),
(11, 9, 6),
(12, 5, 6),
(13, 6, 7),
(14, 9, 7),
(15, 6, 8),
(16, 10, 8),
(17, 5, 9),
(18, 10, 9),
(19, 9, 10),
(20, 9, 11),
(21, 16, 11);

INSERT INTO projekt.aktor_film(id_aktor_film, id_film, id_aktor) VALUES
(1, 11, 7),
(2, 11, 18),
(3, 11, 19),
(4, 11, 20),
(5, 11, 21),
(6, 1, 41),
(7, 1, 42),
(8, 1, 43),
(9, 1, 44),
(10, 1, 45),
(11, 2, 36),
(12, 2, 37),
(13, 2, 38),
(14, 2, 39),
(15, 2, 40),
(16, 3, 22),
(17, 3, 23),
(18, 3, 24),
(19, 4, 16),
(20, 4, 17),
(21, 5, 52),
(22, 5, 53),
(23, 6, 4),
(24, 6, 10),
(25, 6, 34),
(26, 6, 35),
(27, 7, 13),
(28, 7, 14),
(29, 7, 15),
(30, 8, 25),
(31, 8, 26),
(32, 8, 27),
(33, 8, 28),
(34, 8, 29),
(35, 9, 46),
(36, 9, 47),
(37, 9, 48),
(38, 9, 49),
(39, 9, 50),
(40, 9, 51),
(41, 10, 30),
(42, 10, 31),
(43, 10, 32),
(44, 10, 33),
(45, 10, 19);

INSERT INTO projekt.kino(id_kino, nazwa_kina, otwarcie_od, otwarcie_do, nr_budynku, ulica) VALUES
(1, 'Pod Rozbrykanym Kucykiem', '10:00', '23:00', 13, 'Wroclawska'),
(2, 'Apollo', '12:00', '23:00', 7, 'Kamienna');

INSERT INTO projekt.grafik(id_grafik, id_kino, data_koniec, data_poczatek) VALUES
(1, 1, '2022-01-23', '2022-01-16'),
(2, 2, '2022-01-23', '2022-01-16');

INSERT INTO projekt.pracownik(id_pracownik, telefon, email, nr_budynku, ulica, imie, nazwisko) VALUES
(1, '512345129', 'cmaciej@mail.com', 13, 'Dluga', 'Maciej', 'Czerwinski'),
(2, '123123123', 'sgabriela@mail.com', 23, 'Lubelska', 'Gabriela', 'Szewczyk'),
(3, '523153922', 'cmiroslawa@mail.com', 83, 'Kolna', 'Miroslawa', 'Czarnecka'),
(4, '223123123', 'knorbert@mail.com', 19, 'Lipska', 'Norbert', 'Kubiak'),
(5, '633153823', 'moktawian@mail.com', 31, 'Bochenka', 'Oktawian', 'Mroz'),
(6, '653143141', 'sizyda@mail.com', 1, 'Lipska', 'Izyda', 'Stepien'),
(7, '793143163', 'kdorota@mail.com', 12, 'Stawowa', 'Dorota', 'Kowalska');



INSERT INTO projekt.grafik_pracownik(id_grafik_pracownik, id_grafik, id_pracownik) VALUES
(1, 1, 1),
(2, 1, 3),
(3, 1, 4),
(4, 2, 2),
(5, 2, 5),
(6, 2, 6),
(7, 2, 7);


INSERT INTO projekt.sala(id_sala, id_kino, rzedy, dlugosc_rzedu) VALUES
(1, 1, 5, 8),
(2, 1, 8, 11),
(3, 2, 9, 11),
(4, 2, 8, 13),
(5, 2, 10, 19);

INSERT INTO projekt.seans(id_seans, id_sala, poczatek_seansu, koniec_seansu, data_seansu) VALUES
(1, 1, '10:30', '13:00', '2022-01-16'), /*na noże*/
(2, 1, '16:00', '17:50', '2022-01-16'), /*Imagine*/
(3, 1, '20:00', '22:05', '2022-01-16'), /*Dzentelmeni*/
(4, 2, '11:00', '12:40', '2022-01-16'), /*Naga broń*/
(5, 2, '18:30', '20:10', '2022-01-16'), /*Aligator kontra*/
(6, 2, '20:30', '22:50', '2022-01-16'), /*Lighthouse*/
(7, 3, '12:30', '14:20', '2022-01-16'), /*Imagine*/
(8, 3, '15:00', '17:30', '2022-01-16'), /* na noże*/
(9, 3, '19:00', '20:40', '2022-01-16'), /*Aligator*/
(10, 4, '13:00', '14:40', '2022-01-16'), /*Naga*/
(11, 4, '18:00', '20:05', '2022-01-16'), /*Dżentelmeni*/
(12, 5, '12:30', '14:10', '2022-01-16'), /*Aligator*/
(13, 5, '15:00', '16:50', '2022-01-16'), /*Imagine*/
(14, 5, '17:30', '19:10', '2022-01-16'), /*Aligator*/
(15, 1, '10:30', '13:00', '2022-01-17'), /*na noże*/
(16, 1, '16:00', '17:50', '2022-01-17'), /*Imagine*/
(17, 1, '20:00', '22:05', '2022-01-17'), /*Dzentelmeni*/
(18, 2, '11:00', '12:40', '2022-01-17'), /*Naga broń*/
(19, 2, '18:30', '20:10', '2022-01-17'), /*Aligator kontra*/
(20, 2, '20:30', '22:50', '2022-01-17'), /*Lighthouse*/
(21, 3, '12:30', '14:20', '2022-01-17'), /*Imagine*/
(22, 3, '15:00', '17:30', '2022-01-17'), /* na noże*/
(23, 3, '19:00', '20:40', '2022-01-17'), /*Aligator*/
(24, 4, '13:00', '14:40', '2022-01-17'), /*Naga*/
(25, 4, '18:00', '20:05', '2022-01-18'), /*Dżentelmeni*/
(26, 5, '12:30', '14:10', '2022-01-18'), /*Aligator*/
(27, 5, '15:00', '16:50', '2022-01-18'), /*Imagine*/
(28, 5, '17:30', '19:10', '2022-01-18'), /*Aligator*/
(29, 1, '10:30', '13:00', '2022-01-18'), /*na noże*/
(30, 1, '16:00', '17:50', '2022-01-18'), /*Imagine*/
(31, 1, '20:00', '22:05', '2022-01-18'), /*Dzentelmeni*/
(32, 2, '11:00', '12:40', '2022-01-18'), /*Naga broń*/
(33, 2, '18:30', '20:10', '2022-01-18'), /*Aligator kontra*/
(34, 2, '20:30', '22:50', '2022-01-18'), /*Lighthouse*/
(35, 3, '12:30', '14:20', '2022-01-18'), /*Imagine*/
(36, 3, '15:00', '17:30', '2022-01-18'), /* na noże*/
(37, 3, '19:00', '20:40', '2022-01-18'), /*Aligator*/
(38, 4, '13:00', '14:40', '2022-01-18'), /*Naga*/
(39, 4, '18:00', '20:05', '2022-01-18'), /*Dżentelmeni*/
(40, 5, '12:30', '14:10', '2022-01-18'), /*Aligator*/
(41, 5, '15:00', '16:50', '2022-01-18'), /*Imagine*/
(42, 5, '17:30', '19:10', '2022-01-18'); /*Aligator*/

INSERT INTO projekt.seans_film(id_seans_film, id_seans, id_film) VALUES
(1, 1, 1),
(2, 2, 2),
(3, 3, 9),
(4, 4, 8),
(5, 5, 3),
(6, 6, 5),
(7, 7, 2),
(8, 8, 1),
(9, 9, 3),
(10, 10, 8),
(11, 11, 9),
(12, 12, 3),
(13, 13, 2),
(14, 14, 3),
(15, 15, 1),
(16, 16, 2),
(17, 17, 9),
(18, 18, 8),
(19, 19, 3),
(20, 20, 5),
(21, 21, 2),
(22, 22, 1),
(23, 23, 3),
(24, 24, 8),
(25, 25, 9),
(26, 26, 3),
(27, 27, 2),
(28, 28, 3),
(29, 29, 1),
(30, 30, 2),
(31, 31, 9),
(32, 32, 8),
(33, 33, 3),
(34, 34, 5),
(35, 35, 2),
(36, 36, 1),
(37, 37, 3),
(38, 38, 8),
(39, 39, 9),
(40, 40, 3),
(41, 41, 2),
(42, 42, 3);



INSERT INTO projekt.klient(id_klient, imie, nazwisko, telefon) VALUES
(1, 'Konstanty', 'Maciejewski', '289468263'),
(2, 'Barbara', 'Jaworska', '652526759'),
(3, 'Olimpia', 'Szepanska', '153896750'),
(4, 'Kornelia', 'Baran', '540377673'),
(5, 'Alex', 'Jaworski', '284807088'),
(6, 'Alfred', 'Szymczak', '165804440'),
(7, 'Paula', 'Pietrzak', '446213464'),
(8, 'Matylda', 'Pietrzak', '129200952'),
(9, 'Alana', 'Szulc', '100155541'),
(10, 'Grzegosz', 'Kucharski', '433511256'),
(11, 'Mieszko', 'Walczak', '663670107'),
(12, 'Edward', 'Makowski', '351740525'),
(13, 'Borys', 'Szulc', '484590666'),
(14, 'Klaudia', 'Szewczyk', '797808521'),
(15, 'Robert', 'Krajewski', '439796362'),
(16, 'Maciej', 'Duda', '424965650'),
(17, 'Damian', 'Kowalski', '813201510'),
(18, 'Zofia', 'Pietrzak', '553423150'),
(19, 'Dorota', 'Szymczak', '446933499'),
(20, 'Amelia', 'Zalewska', '276606757'),
(21, 'Edyta', 'Adamska', '623976382'),
(22, 'Oksana', 'Kubiak', '267950300'),
(23, 'Gabriela', 'Walczak', '639290875'),
(24, 'Anatol', 'Ostrowski', '519917546'),
(25, 'Juliusz', 'Michalak', '346694225'),
(26, 'Artur', 'Kucharski', '280810375');

INSERT INTO projekt.bilet(id_bilet, id_klient, id_seans, ulga, cena, forma_platnosci) VALUES
(1, 8, 14, 'bez ulgi', 18, 'online'),
(2, 2, 7, 'bez ulgi', 18, 'lokal'),
(3, 1, 8, 'bez ulgi', 18, 'lokal'),
(4, 9, 13, 'bez ulgi', 18, 'online'),
(5, 3, 1, 'bez ulgi', 18, 'online'),
(6, 10, 4, 'bez ulgi', 18, 'online'),
(7, 6, 9, 'studencka', 15, 'online'),
(8, 7, 5, 'bez ulgi', 18, 'online'),
(9, 5, 12, 'bez ulgi', 18, 'online'),
(10, 11, 2, 'studencka', 15, 'online'),
(11, 4, 3, 'bez ulgi', 18, 'online'),
(12, 13, 10, 'bez ulgi', 18, 'online'),
(13, 14, 11, 'bez ulgi', 18, 'online'),
(14, 12, 6, 'studencka', 15, 'online'),
(15, 1, 10, 'bez ulgi', 18, 'online'),
(16, 7, 9, 'bez ulgi', 18, 'online'),
(17, 9, 6, 'bez ulgi', 18, 'online'),
(18, 15, 15, 'bez ulgi', 18, 'online'),
(19, 18, 16, 'bez ulgi', 18, 'online'),
(20, 19, 17, 'bez ulgi', 18, 'lokal'),
(21, 20, 18, 'bez ulgi', 18, 'online'),
(22, 22, 19, 'studencka', 15, 'lokal'),
(23, 16, 20, 'bez ulgi', 18, 'lokal'),
(24, 21, 21, 'bez ulgi', 18, 'online'),
(25, 23, 22, 'bez ulgi', 18, 'online'),
(26, 24, 23, 'bez ulgi', 18, 'online'),
(27, 17, 24, 'studencka', 15, 'online'),
(28, 25, 25, 'bez ulgi', 18, 'lokal'),
(29, 26, 26, 'bez ulgi', 18, 'online'),
(30, 6, 14, 'studencka', 15, 'online'),
(31, 5, 9, 'bez ulgi', 18, 'online'),
(32, 11, 9, 'bez ulgi', 18, 'lokal'),
(33, 4, 9, 'bez ulgi', 18, 'online'),
(34, 13, 9, 'bez ulgi', 18, 'online'),
(35, 14, 12, 'bez ulgi', 18, 'online'),
(36, 12, 12, 'bez ulgi', 18, 'online'),
(37, 1, 12, 'bez ulgi', 18, 'online'),
(38, 7, 14, 'bez ulgi', 18, 'online'),
(39, 9, 19, 'bez ulgi', 18, 'online'),
(40, 15, 19, 'bez ulgi', 18, 'online'),
(41, 18, 19, 'bez ulgi', 18, 'online'),
(42, 19, 19, 'bez ulgi', 18, 'online'),
(43, 20, 19, 'bez ulgi', 18, 'online'),
(44, 22, 23, 'studencka', 15, 'online'),
(45, 16, 23, 'bez ulgi', 18, 'online'),
(46, 8, 23, 'bez ulgi', 18, 'online'),
(47, 2, 37, 'bez ulgi', 18, 'online'),
(48, 1, 40, 'bez ulgi', 18, 'lokal'),
(49, 9, 42, 'bez ulgi', 18, 'online'),
(50, 3, 33, 'bez ulgi', 18, 'lokal');